RTL5,2012,s,20559562-eb4e-4247-88ee-fc8a37919e79
SBS9,Beerfest,s,547342fe-21de-4e39-bba5-3678d649c6de
RTL5,2012,s,20559562-eb4e-4247-88ee-fc8a37919e79
SBS9,Beerfest,s,547342fe-21de-4e39-bba5-3678d649c6de
RTL5,2012,s,20559562-eb4e-4247-88ee-fc8a37919e79
SBS9,Beerfest,s,547342fe-21de-4e39-bba5-3678d649c6de
RTL5,2012,s,20559562-eb4e-4247-88ee-fc8a37919e79
SBS9,Beerfest,s,547342fe-21de-4e39-bba5-3678d649c6de
RTL5,2012,s,20559562-eb4e-4247-88ee-fc8a37919e79
SBS9,Beerfest,s,547342fe-21de-4e39-bba5-3678d649c6de
RTL5,2012,s,20559562-eb4e-4247-88ee-fc8a37919e79
SBS9,Beerfest,s,547342fe-21de-4e39-bba5-3678d649c6de
RTL5,2012,s,20559562-eb4e-4247-88ee-fc8a37919e79
SBS9,Beerfest,s,547342fe-21de-4e39-bba5-3678d649c6de
RTL5,2012,s,20559562-eb4e-4247-88ee-fc8a37919e79
SBS9,Beerfest,s,547342fe-21de-4e39-bba5-3678d649c6de
RTL5,2012,s,20559562-eb4e-4247-88ee-fc8a37919e79
SBS9,Beerfest,s,547342fe-21de-4e39-bba5-3678d649c6de
RTL5,2012,s,20559562-eb4e-4247-88ee-fc8a37919e79
SBS9,Beerfest,s,547342fe-21de-4e39-bba5-3678d649c6de
RTL5,2012,s,20559562-eb4e-4247-88ee-fc8a37919e79
SBS9,Beerfest,s,547342fe-21de-4e39-bba5-3678d649c6de
RTL5,2012,s,20559562-eb4e-4247-88ee-fc8a37919e79
SBS9,Beerfest,s,547342fe-21de-4e39-bba5-3678d649c6de
NPO3,De Brief voor de Koning,s,0a7e78f3-5d63-493e-a260-98cd798e0a5d
RTL5,2012,s,d0cf9794-6060-4e28-ba24-3fe85ac7bc75
RTL8,Penthouse North,s,19fa7f1d-8d74-46d9-83d0-fa5043bd00b5
SBS9,Observe and Report,s,c886e7dd-71f8-417b-8466-b4cb4409d49b
NPO2,JFK,s,6173aca5-627f-4e70-9c40-2e80b5656ffd
NPO2,JFK,s,2605158b-8e1e-40a3-af0d-51a553677b08
Canvas,Wall Street,s,9667819d-db5a-488b-b90d-ac6dae8e169b
RTL8,Black Forest,s,91731cbe-cadf-433d-932d-9ac5b77653ad
NPO2,JFK,s,24a5b684-cd76-421b-8006-168e1e4b3f0c
NPO2,JFK,s,7ee75ce2-5e5d-442d-980f-81370c355b10
FOX,The Frighteners,s,07facc79-56a5-41a0-9ce4-1c43adab8b1e
RTL5,2012,s,0f27971b-df4e-4bca-bc39-5b0ba4531631
FOX,The Frighteners,s,6c99d21b-c565-4ea2-96de-afc3d5fcd964
Een,We Own the Night,s,53409a9f-040c-459b-8be4-2955842e1649
SBS9,Beerfest,s,8e9a222a-6238-4d5c-86a1-e34ea8a9d942
RTL8,Black Forest,s,e0e8dde6-3e95-4c24-b596-56994c3e82dd
